hf_type,fy,overall_score,hf_count
health center,2020-2021,64.89710009354536,74
health center,2021-2022,54.70298654414177,69
health center,2022-2023,40.76517150395778,31
health center,2023-2024,44.10277662660588,69
"hospital (dh,ph,rh)",2020-2021,81.01633393829401,21
"hospital (dh,ph,rh)",2021-2022,66.34506242905789,21
"hospital (dh,ph,rh)",2022-2023,59.28941524796447,8
"hospital (dh,ph,rh)",2023-2024,67.40633363068689,42
