hf_type,fy,overall_score,hf_count
health center,2020-2021,77.76694974244745,74
health center,2021-2022,80.26581912741982,69
health center,2022-2023,74.22786547700755,31
health center,2023-2024,71.53804786232858,69
hospital,2020-2021,85.13971210838272,18
hospital,2021-2022,87.63693270735524,20
hospital,2022-2023,82.03883495145631,7
hospital,2023-2024,82.84555712270803,38
